{"TimeStamp":"Fri May 17 23:37:59 2024\n","Circuits":{"ExitCode":"0","TraceCount":"2","Mode":"SPICE","Type":"TIRestricted","Models":[{"ModelName":"X_U2.DX","FileName":"c:\\cds_spb_home\\cdssetup\\psptilibdir\\lm211.lib","ModelType":".model","DeviceType":"d","Source":"FROM_INC","isLibSigned":"true","isAllowed":"true"},{"ModelName":"X_U2.QIN","FileName":"c:\\cds_spb_home\\cdssetup\\psptilibdir\\lm211.lib","ModelType":".model","DeviceType":"q","Source":"FROM_INC","isLibSigned":"true","isAllowed":"true"},{"ModelName":"X_U2.QMI","FileName":"c:\\cds_spb_home\\cdssetup\\psptilibdir\\lm211.lib","ModelType":".model","DeviceType":"q","Source":"FROM_INC","isLibSigned":"true","isAllowed":"true"},{"ModelName":"X_U2.QMO","FileName":"c:\\cds_spb_home\\cdssetup\\psptilibdir\\lm211.lib","ModelType":".model","DeviceType":"q","Source":"FROM_INC","isLibSigned":"true","isAllowed":"true"},{"ModelName":"X_U2.QOC","FileName":"c:\\cds_spb_home\\cdssetup\\psptilibdir\\lm211.lib","ModelType":".model","DeviceType":"q","Source":"FROM_INC","isLibSigned":"true","isAllowed":"true"},{"ModelName":"DZ_18V","FileName":"c:\\cds_spb_home\\cdssetup\\psptilibdir\\tlc555.lib","ModelType":".model","DeviceType":"d","Source":"FROM_INC","isLibSigned":"true","isAllowed":"true"},{"ModelName":"X_U1.XMN3.DMODN","FileName":"c:\\cds_spb_home\\cdssetup\\psptilibdir\\tlc555.lib","ModelType":".model","DeviceType":"d","Source":"FROM_INC","isLibSigned":"true","isAllowed":"true"},{"ModelName":"X_U1.XMN5.DMODN","FileName":"c:\\cds_spb_home\\cdssetup\\psptilibdir\\tlc555.lib","ModelType":".model","DeviceType":"d","Source":"FROM_INC","isLibSigned":"true","isAllowed":"true"},{"ModelName":"X_U1.XMp1.DMODP","FileName":"c:\\cds_spb_home\\cdssetup\\psptilibdir\\tlc555.lib","ModelType":".model","DeviceType":"d","Source":"FROM_INC","isLibSigned":"true","isAllowed":"true"},{"ModelName":"X_U1.XMp5.DMOD1","FileName":"c:\\cds_spb_home\\cdssetup\\psptilibdir\\tlc555.lib","ModelType":".model","DeviceType":"d","Source":"FROM_INC","isLibSigned":"true","isAllowed":"true"},{"ModelName":"X_U1.XMp6.DMOD1","FileName":"c:\\cds_spb_home\\cdssetup\\psptilibdir\\tlc555.lib","ModelType":".model","DeviceType":"d","Source":"FROM_INC","isLibSigned":"true","isAllowed":"true"},{"ModelName":"X_U1.XMp9.DMOD1","FileName":"c:\\cds_spb_home\\cdssetup\\psptilibdir\\tlc555.lib","ModelType":".model","DeviceType":"d","Source":"FROM_INC","isLibSigned":"true","isAllowed":"true"},{"ModelName":"TLC55X_NMOSD_HV","FileName":"c:\\cds_spb_home\\cdssetup\\psptilibdir\\tlc555.lib","ModelType":".model","DeviceType":"m","Source":"FROM_INC","isLibSigned":"true","isAllowed":"true"},{"ModelName":"TLC55X_NMOSD_HV_L1","FileName":"c:\\cds_spb_home\\cdssetup\\psptilibdir\\tlc555.lib","ModelType":".model","DeviceType":"m","Source":"FROM_INC","isLibSigned":"true","isAllowed":"true"},{"ModelName":"TLC55X_NMOSD_MV","FileName":"c:\\cds_spb_home\\cdssetup\\psptilibdir\\tlc555.lib","ModelType":".model","DeviceType":"m","Source":"FROM_INC","isLibSigned":"true","isAllowed":"true"},{"ModelName":"TLC55X_PMOSD_HV","FileName":"c:\\cds_spb_home\\cdssetup\\psptilibdir\\tlc555.lib","ModelType":".model","DeviceType":"m","Source":"FROM_INC","isLibSigned":"true","isAllowed":"true"},{"ModelName":"TLC55X_PMOSD_LV","FileName":"c:\\cds_spb_home\\cdssetup\\psptilibdir\\tlc555.lib","ModelType":".model","DeviceType":"m","Source":"FROM_INC","isLibSigned":"true","isAllowed":"true"},{"ModelName":"TLC55X_PMOSD_MV","FileName":"c:\\cds_spb_home\\cdssetup\\psptilibdir\\tlc555.lib","ModelType":".model","DeviceType":"m","Source":"FROM_INC","isLibSigned":"true","isAllowed":"true"},{"ModelName":"X_U3.DIRED","FileName":"c:\\users\\ponch\\downloads\\bjt_10ma.lib","ModelType":".model","DeviceType":"d","Source":"FROM_INC","isLibSigned":"false","isAllowed":"true"},{"ModelName":"X_U3.QBJT","FileName":"c:\\users\\ponch\\downloads\\bjt_10ma.lib","ModelType":".model","DeviceType":"q","Source":"FROM_INC","isLibSigned":"false","isAllowed":"false"},{"ModelName":"X_U9.MD","FileName":"c:\\users\\ponch\\downloads\\sihfr922.lib","ModelType":".model","DeviceType":"d","Source":"FROM_INC","isLibSigned":"false","isAllowed":"false"},{"ModelName":"X_U9.MD1","FileName":"c:\\users\\ponch\\downloads\\sihfr922.lib","ModelType":".model","DeviceType":"d","Source":"FROM_INC","isLibSigned":"false","isAllowed":"false"},{"ModelName":"X_U9.MD2","FileName":"c:\\users\\ponch\\downloads\\sihfr922.lib","ModelType":".model","DeviceType":"d","Source":"FROM_INC","isLibSigned":"false","isAllowed":"false"},{"ModelName":"X_U9.MD3","FileName":"c:\\users\\ponch\\downloads\\sihfr922.lib","ModelType":".model","DeviceType":"d","Source":"FROM_INC","isLibSigned":"false","isAllowed":"false"},{"ModelName":"X_U9.MM","FileName":"c:\\users\\ponch\\downloads\\sihfr922.lib","ModelType":".model","DeviceType":"m","Source":"FROM_INC","isLibSigned":"false","isAllowed":"false"},{"ModelName":"X_U7.MD","FileName":"c:\\users\\ponch\\downloads\\sihfz14.lib","ModelType":".model","DeviceType":"d","Source":"FROM_INC","isLibSigned":"false","isAllowed":"false"},{"ModelName":"X_U7.MD1","FileName":"c:\\users\\ponch\\downloads\\sihfz14.lib","ModelType":".model","DeviceType":"d","Source":"FROM_INC","isLibSigned":"false","isAllowed":"false"},{"ModelName":"X_U7.MD2","FileName":"c:\\users\\ponch\\downloads\\sihfz14.lib","ModelType":".model","DeviceType":"d","Source":"FROM_INC","isLibSigned":"false","isAllowed":"false"},{"ModelName":"X_U7.MD3","FileName":"c:\\users\\ponch\\downloads\\sihfz14.lib","ModelType":".model","DeviceType":"d","Source":"FROM_INC","isLibSigned":"false","isAllowed":"false"},{"ModelName":"X_U8.MD","FileName":"c:\\users\\ponch\\downloads\\sihfz14.lib","ModelType":".model","DeviceType":"d","Source":"FROM_INC","isLibSigned":"false","isAllowed":"false"},{"ModelName":"X_U8.MD1","FileName":"c:\\users\\ponch\\downloads\\sihfz14.lib","ModelType":".model","DeviceType":"d","Source":"FROM_INC","isLibSigned":"false","isAllowed":"false"},{"ModelName":"X_U8.MD2","FileName":"c:\\users\\ponch\\downloads\\sihfz14.lib","ModelType":".model","DeviceType":"d","Source":"FROM_INC","isLibSigned":"false","isAllowed":"false"},{"ModelName":"X_U8.MD3","FileName":"c:\\users\\ponch\\downloads\\sihfz14.lib","ModelType":".model","DeviceType":"d","Source":"FROM_INC","isLibSigned":"false","isAllowed":"false"},{"ModelName":"X_U7.MM","FileName":"c:\\users\\ponch\\downloads\\sihfz14.lib","ModelType":".model","DeviceType":"m","Source":"FROM_INC","isLibSigned":"false","isAllowed":"false"},{"ModelName":"X_U8.MM","FileName":"c:\\users\\ponch\\downloads\\sihfz14.lib","ModelType":".model","DeviceType":"m","Source":"FROM_INC","isLibSigned":"false","isAllowed":"false"}]}}